Trace_ID;Input;Metrica;Punteggio;Soglia;Esito;Durata (s);Motivazione
4ca52dc825b4d8ef30715d21536295b6;Dove sono le proposete del Consiglio di Amministrazione?;FaithfulnessMetric;1.0;0.7;PASSED;95.35;The score is 1.00 because there are no contradictions between the actual output and the retrieval context, everything aligns as expected. Great job!
4ca52dc825b4d8ef30715d21536295b6;Dove sono le proposete del Consiglio di Amministrazione?;AnswerRelevancyMetric;1.0;0.7;PASSED;95.35;Il quesito chiede dove si trovano le proposte del CDA, l’output non risponde o non fornisce indicazioni utili, quindi la pertinenza è bassa (1.00). La lista di contenuti irrilevanti è vuota, quindi non ci sono elementi estranei da segnalare che potrebbero giustificare un punteggio più alto.
4ca52dc825b4d8ef30715d21536295b6;Dove sono le proposete del Consiglio di Amministrazione?;ContextualRelevancyMetric;0.02127659574468085;0.4;FAILED;95.35;The score is 0.02 because the input asks for the Board of Directors' proposals, but the retrieval context is largely unrelated. The only relevant line is: Proposte del Consiglio di Amministrazione all'Assemblea degli Azionisti. Irrelevancy notes also state: 'La dichiarazione descrive l'attività aziendale in termini generali e non menziona proposte del Consiglio di Amministrazione.' and many items refer to unrelated topics like 'Relazione della società di revisione sul bilancio consolidato' or a Disclaimer.
80f6bebf6f43974e2cf872e52648d064;Da capo della strategia gas e M&A, come dovremmo comunicare il contributo dell'Africa al nostro pian;FaithfulnessMetric;1.0;0.7;PASSED;99.83;The score is 1.00 because there are no contradictions between the actual output and the retrieval context, indicating strong faithfulness, great job!
80f6bebf6f43974e2cf872e52648d064;Da capo della strategia gas e M&A, come dovremmo comunicare il contributo dell'Africa al nostro pian;AnswerRelevancyMetric;1.0;0.7;PASSED;99.83;Il punteggio è 1.00 perché non ci sono elementi irrilevanti nell'output: tutto è pertinente al tema richiesto (comunicare il contributo Africa con esempi Baleine e Congo FLNG e l'importanza dell'esecuzione). Poiché 1.00 è già il massimo, non potrebbe essere più alto. Ottimo focus e chiarezza—continua così.
80f6bebf6f43974e2cf872e52648d064;Da capo della strategia gas e M&A, come dovremmo comunicare il contributo dell'Africa al nostro pian;ContextualRelevancyMetric;0.5211267605633803;0.4;PASSED;99.83;The score is 0.52 because the input centers on Africa's gas strategy and projects Baleine (Costa d'Avorio) and Congo LNG, which is supported by Africa-specific items like 'AFRICA ALGERIA ANGOLA CONGO COSTA D'AVORIO EGITTO GHANA KENYA LIBIA MAROCCO MOZAMBICO NIGERIA TUNISIA' and by energy-transition context such as 'TRANSIZIONE ENERGETICA E SOSTENIBILITÀ Sottoscritto con ADNOC un Memorandum of Understanding (MoU) che delinea un quadro di cooperazione per futuri progetti congiunti in ambito di transizione energetica, sostenibilità e decarbonizzazione.' However, the retrieval context also contains many clearly irrelevant items such as 'è leader mondiale nella produzione di bioplastiche e nello sviluppo di biochemical e bioprodotti' and 'IKEA,  per  l'installazione  di  250  stazioni  di ricarica  di ultima generazione' that do not pertain to Africa or the energy-transition plan, diluting relevance. The presence of Africa-focused cues alongside numerous irrelevancies yields a moderate relevance score (0.52).
d32f0d09fd7dcdaf3bb5e10e8c625cf0;La Relazione sulla gesitone include la Dichiarazione consolidata di carattere Non Finanziario di Eni;FaithfulnessMetric;1.0;0.7;PASSED;111.07;The score is 1.00 because there are no contradictions between the actual output and the retrieval context, indicating the output matches perfectly.
d32f0d09fd7dcdaf3bb5e10e8c625cf0;La Relazione sulla gesitone include la Dichiarazione consolidata di carattere Non Finanziario di Eni;AnswerRelevancyMetric;1.0;0.7;PASSED;111.07;The score is 1.00 because there were no irrelevant statements in the output, so the response remains fully relevant to the question about whether Eni SpA's Consolidated Non-Financial Statement complies with Legislative Decree 254/2016. Great job staying on topic!
d32f0d09fd7dcdaf3bb5e10e8c625cf0;La Relazione sulla gesitone include la Dichiarazione consolidata di carattere Non Finanziario di Eni;ContextualRelevancyMetric;0.29310344827586204;0.4;FAILED;111.07;"The score is 0.29 because the input asks whether the Relazione sulla gestione includes the DNf per DL 254/2016, and while the relevant lines include ""La presente Relazione sulla gestione include la Dichiarazione consolidata di carattere Non Finanziario (DNF) in adempimento ai requisiti del Decreto Legislativo n. 254/2016 in materia di informazioni non finanziarie"" and ""DICHIARAZIONE CONSOLIDATA DI CARATTERE NON FINANZIARIO (DNF)."", the retrieval context is dominated by irrelevancies such as ""The statement discusses ESEF compliance rather than the inclusion of the Non-Financial Consolidated Statement per Legislative Decree 254/2016."" and ""La dichiarazione parla di acquisti di petrolio e volumi operativi, contenuti operativi/finanziari, non della Dichiarazione consolidata di carattere Non Finanziario prevista dal Decreto Legislativo n. 254/2016."""
9b127b665081db5ab52e398964502e64;Dove sta la Relazione del Collegio Sindacale alla Assemblea degli azionisti in sto documento?;FaithfulnessMetric;1.0;0.7;PASSED;130.42;The score is 1.00 because there are no contradictions between the actual output and the retrieval context.
9b127b665081db5ab52e398964502e64;Dove sta la Relazione del Collegio Sindacale alla Assemblea degli azionisti in sto documento?;AnswerRelevancyMetric;1.0;0.7;PASSED;130.42;Non ci sono elementi irrilevanti nell'output, quindi il punteggio non può aumentare per irrilevanza. Bene: è chiaro e privo di contenuti fuorvianti, ma la risposta non ha effettivamente localizzato dove si trova la Relazione del Collegio Sindacale nel documento, perciò il punteggio resta 1.00.
9b127b665081db5ab52e398964502e64;Dove sta la Relazione del Collegio Sindacale alla Assemblea degli azionisti in sto documento?;ContextualRelevancyMetric;0.044444444444444446;0.4;FAILED;130.42;The score is 0.04 because the retrieval context is largely unrelated to locating the Relazione del Collegio Sindacale: e.g., 'La presenza nel contesto è 'RELAZIONE SULLA GESTIONE', che è una 'relazione di gestione', non la 'Relazione del Collegio Sindacale' richiesta. The only items actually relevant are 'Relazione della società di revisione sul bilancio d'esercizio 524 Sindacale all'Assemblea degli azionisti' and 'Relazione del Collegio 532'.
437c8d1920693aa5a932ae3f131ed09a;"Come analista di reporting finanziario di Eni, dove è collocata la sezione ""Principali eventi dell’a";FaithfulnessMetric;1.0;0.7;PASSED;114.43;No contradictions detected, the actual output fully aligns with the retrieval context. Great job!
437c8d1920693aa5a932ae3f131ed09a;"Come analista di reporting finanziario di Eni, dove è collocata la sezione ""Principali eventi dell’a";AnswerRelevancyMetric;1.0;0.7;PASSED;114.43;Il punteggio è 1.00 perché non ci sono elementi irrilevanti nell'output rispetto alla domanda, quindi non si può giustificare un punteggio più alto, tuttavia manca una risposta concreta che indichi la posizione della sezione 'Principali eventi dell’anno' e le altre voci principali del sommario con le relative pagine.
437c8d1920693aa5a932ae3f131ed09a;"Come analista di reporting finanziario di Eni, dove è collocata la sezione ""Principali eventi dell’a";ContextualRelevancyMetric;0.5078125;0.4;PASSED;114.43;"The score is 0.51 because the retrieval context is largely irrelevant, e.g., ""Irrelevant to the input: 'di distributori in oltre 40 Paesi in tutto il mondo, è leader mondiale nella produzione di bioplastiche e nello sviluppo di biochemical e bioprodotti attraverso l'integrazione di chimica, ambiente e agricoltura.'"" and other unrelated items, and does not address the location of the 'Principali eventi dell'anno' section, however, it includes relevant cues such as ""Principali eventi dell'anno – pagina 12"" and ""Relazione sulla gestione – pagina 5"" indicating where the information can be found."
